country code,Zip Code,provincialcode,Division 3
,2813,1,Luba
,2814,1,Tubo
,2805,1,Bucay
,2821,1,Lacub
,2812,1,Pilar
,2803,1,Tayum
,2822,1,Tineg
,2817,1,Bucloc
,2826,1,La Paz
,2810,1,Manabo
,2800,1,Bangued
,2815,1,Boliney
,2825,1,Danglas
,2801,1,Dolores
,2824,1,Lagayan
,2806,1,Pidigan
,2807,1,Langiden
,2823,1,San Juan
,2816,1,Daguioman
,2820,1,Malibcong
,2804,1,Peñarrubia
,2818,1,Sallapadan
,2809,1,San Isidro
,2902,1,Lagangilang
,2808,1,San Quintin
,2811,1,Villaviciosa
,2819,1,Licuan (Baay)
,8606,2,Tubay
,8603,2,Carmen
,8607,2,Jabonga
,8602,2,Nasipit
,8608,2,Santiago
,8609,2,Kitcharao
,8610,2,LasNieves
,8601,2,Buenavista
,8605,2,Cabadbaran
,8604,2,Magallanes
,8600,2,Butuan City
,8611,2,Remedios T. Romualdez
,8508,3,La Paz
,8507,3,Loreto
,8505,3,Trento
,8502,3,Bayugan
,8506,3,Bunawan
,8504,3,Rosario
,8503,3,Sibagat
,8509,3,Veruela
,8511,3,San Luis
,8513,3,Esperanza
,8510,3,Talacogon
,8500,3,Prosperidad
,8512,3,Santa Josefa
,8501,3,San Francisco
,5605,4,Lezo
,5601,4,Banga
,5615,4,Batan
,5608,4,Malay
,5607,4,Nabas
,5614,4,Balete
,5613,4,Ibajay
,5600,4,Kalibo
,5611,4,Makato
,5616,4,Altavas
,5602,4,Libacao
,5603,4,Madalag
,5606,4,Malinao
,5609,4,Buruanga
,5604,4,Numancia
,5612,4,Tangalan
,5610,4,New Washington
,4505,5,Oas
,4513,5,Tiwi
,4507,5,Libon
,4501,5,Daraga
,4501,5,Locsin
,4514,5,Manito
,4509,5,Bacacay
,4502,5,Camalig
,4512,5,Malinao
,4515,5,Jovellar
,4506,5,Polangui
,4510,5,Malilipot
,4516,5,Pio Duran
,4517,5,Rapu-Rapu
,4503,5,Guinobatan
,4504,5,Ligao City
,4516,5,Malacbalac
,4511,5,Tabaco City
,4500,5,Legazpi City
,4508,5,Santo Domingo
,5716,6,Dao
,5711,6,Caluya
,5708,6,Culasi
,5715,6,Hamtic
,5712,6,Pandan
,5707,6,Tibiao
,5717,6,Anini-y
,5706,6,Barbaza
,5701,6,Belison
,5705,6,Laua-an
,5709,6,Sebaste
,5713,6,Sibalom
,5704,6,Bugasong
,5710,6,Libertad
,5700,6,San Jose
,5702,6,Patnongon
,5703,6,Valderrama
,5714,6,San Remigio
,5716,6,Tobias Fornier
,3200,8,Baler
,3205,8,Dilasag
,3207,8,Dingalan
,3201,8,San Luis
,3204,8,Casiguran
,3203,8,Dipaculao
,3206,8,Dinalungan
,3202,8,Maria Aurora
,7303,9,Maluso
,7302,9,Lamitan
,7305,9,Sumisip
,7306,9,Tuburan
,7301,9,Lantawan
,7304,9,Tipo-Tipo
,7300,9,Isabela City
,7300,9,Isabela de Basilan
,2107,10,Bagac
,2104,10,Lamao
,2103,10,Limay
,2112,10,Orani
,2102,10,Orion
,2101,10,Pilar
,2113,10,Samal
,2114,10,Abucay
,2108,10,Morong
,2111,10,Hermosa
,2105,10,Mariveles
,2110,10,Dinalupihan
,2100,10,Balanga City
,2109,10,Morong (Refugee Processing Center)
,2106,10,Mariveles (Bataan Export Processing Zone)
,3902,11,Ivana
,3903,11,Uyugan
,3905,11,Itbayat
,3901,11,Mahatao
,3904,11,Sabtang
,3900,11,Gov-Gen Jose Vargas Basco
,4214,12,Tuy
,4208,12,Taal
,4201,12,Bauan
,4230,12,Ibaan
,4219,12,Balete
,4212,12,Calaca
,4222,12,Cuenca
,4221,12,Laurel
,4209,12,Lemery
,4202,12,Mabini
,4233,12,Malvar
,4228,12,Taysan
,4213,12,Balayan
,4231,12,Nasugbu
,4225,12,Rosario
,4203,12,Tingloy
,4227,12,San Jose
,4226,12,San Juan
,4210,12,San Luis
,4211,12,Agoncillo
,4205,12,Alitagtag
,4231,12,Calaruega
,4217,12,Lipa City
,4229,12,"Lobo, Laiya"
,4231,12,Punta Fuego
,4207,12,San Nicolas
,4204,12,San Pascual
,4234,12,Santo Tomas
,4224,12,Padre Garcia
,4220,12,Talisay City
,4232,12,Tanauan City
,4200,12,Batangas City
,4221,12,Diokno Highway
,4206,12,Santa Teresita
,4223,12,Mataas na Kahoy
,4218,12,Fernando Airbase
,4216,12,"Lian, Matabungkay"
,4215,12,"Calatagan, Punta Baluarte"
,2612,13,Atok
,2603,13,Tuba
,2610,13,Bakun
,2605,13,Bokod
,2604,13,Itogon
,2614,13,Sablan
,2615,13,Tublay
,2607,13,Buguias
,2606,13,Kabayan
,2609,13,Lepanto
,2613,13,Kapangan
,2611,13,Kibungan
,2608,13,Mankayan
,2600,13,Baguio City
,2603,13,Kennon Road
,2603,13,Marcos Highway
,2601,13,"La Trinidad, Pico"
,2602,13,Philippine Military Academy
,6543,14,Naval
,6547,14,Culaba
,6544,14,Almeria
,6549,14,Biliran
,6545,14,Kawayan
,6548,14,Caibiran
,6546,14,Maripipi
,6550,14,Cabucgayan
,6311,15,Anda
,6304,15,Lila
,6303,15,Loay
,6327,15,Loon
,6315,15,Ubay
,6317,15,Bilar
,6344,15,Danao
,6339,15,Dauis
,6309,15,Duero
,6308,15,Jagna
,6316,15,Loboc
,6321,15,Pilar
,6314,15,Alicia
,6318,15,Batuan
,6328,15,Calape
,6319,15,Carmen
,6330,15,Clarin
,6341,15,Cortes
,6305,15,Dimiao
,6334,15,Jetafe
,6313,15,Mabini
,6337,15,Corella
,6322,15,Dagohoy
,6340,15,Panglao
,6347,15,Sevilla
,6325,15,Talibon
,6329,15,Tubigon
,6301,15,Baclayon
,6312,15,Candijay
,6332,15,Inabanga
,6331,15,Sagbayan
,6338,15,Sikatuna
,6324,15,Trinidad
,6306,15,Valencia
,6335,15,Antequera
,6342,15,Balilihan
,6343,15,Catigbian
,6336,15,Maribojoc
,6326,15,Bien Unido
,6333,15,Buenavista
,6310,15,Guindulman
,6345,15,San Isidro
,6323,15,San Miguel
,6302,15,Alburquerque
,6320,15,Sierra Bullones
,6300,15,Tagbilaran City
,6307,15,Garcia Hernandez
,6346,15,Pres. Carlos P. Garcia (Dao)
,8720,16,Kibawe
,8706,16,Libona
,8710,16,Musuan
,8715,16,Quezon
,8707,16,Baungon
,8721,16,Damulog
,8714,16,Maramag
,8701,16,Sumilao
,8708,16,Talakag
,8716,16,Kitaotao
,8722,16,Lantapan
,8704,16,Malitbog
,8705,16,Phillips
,8719,16,Dangcagan
,8712,16,Don Carlos
,8702,16,Impasugong
,8713,16,Kadingilan
,8718,16,Kalilangan
,8723,16,Cabanglasan
,8717,16,Pangantucan
,8711,16,San Fernando
,8709,16,Valencia City
,8703,16,Manolo Fortich
,8700,16,Malaybalay City
,3012,17,Angat
,3014,17,Pandi
,3018,17,Bocaue
,3007,17,Bustos
,3021,17,Obando
,3006,17,Baliuag
,3017,17,Bulacan
,3002,17,Hagonoy
,3019,17,Marilao
,3005,17,Pulilan
,3003,17,Calumpit
,3001,17,Paombong
,3004,17,Plaridel
,3015,17,Guiguinto
,3020,17,Meycauayan
,3011,17,San Miguel
,3008,17,San Rafael
,3022,17,Santa Maria
,3000,17,Malolos City
,3010,17,San Ildefonso
,3016,17,Balagtas (Bigaa)
,3009,17,Dona Remedios Trinidad
,3023,17,San Jose del Monte City
,3024,17,"Sapang Palay, Meycauayan"
,3013,17,Gov-Gen Francisco Escudero Norzagaray
,3527,18,Piat
,3528,18,Tuao
,3504,18,Iguig
,3524,18,Lasam
,3526,18,Rizal
,3517,18,Abulug
,3507,18,Alcala
,3515,18,Aparri
,3506,18,Baggao
,3511,18,Buguey
,3501,18,Enrile
,3509,18,Lal-Lo
,3503,18,Solana
,3505,18,Amulung
,3520,18,Calayan
,3513,18,Gonzaga
,3519,18,Claveria
,3508,18,Gattaran
,3522,18,Pamplona
,3523,18,Allacapan
,3514,18,Santa Ana
,3502,18,Peñablanca
,3525,18,Santo Niño
,3516,18,Ballesteros
,3510,18,Camalaniugan
,3518,18,Sanchez-Mira
,3521,18,Santa Praxedes
,3512,18,Santa Teresita
,3500,18,Tuguegarao City
,1401,18,Baesa
,1410,18,Maypajo
,1404,18,San Jose
,1408,18,Sangandaan
,1411,18,Fish Market
,1428,18,Bagong Silang
,1412,18,Isla de Cocomo
,1420,18,Kaybiga/Deparo
,1402,18,Santa Quiteria
,1426,18,Bankers Village
,1403,18,Grace Park East
,1406,18,Grace Park West
,1427,18,Victory Heights
,1422,18,Novaliches North
,1427,18,Tala Leprosarium
,1407,18,University Hills
,1421,18,Bagumbong/Pag-asa
,1409,18,Kaunlaran Village
,1425,18,Amparo Subdivision
,1413,18,Kapitbayahan timor
,1423,18,Lilles Ville Subdivision
,1424,18,Captol Parkland Subdivision
,1405,18,First Avenue to Seventh Avenue West
,4600,19,Daet
,4604,19,Labo
,4608,19,Basud
,4610,19,Imelda
,4602,19,Talisay
,4603,19,Vinzons
,4601,19,Mercedes
,4605,19,Paracale
,4607,19,Capalonga
,4609,19,San Vicente
,4611,19,Santa Elena
,4612,19,Tula-na-Lupa
,4606,19,Jose Panganiban
,4422,20,Goa
,4432,20,Baao
,4435,20,Bato
,4433,20,Buhi
,4430,20,Bula
,4409,20,Lupi
,4418,20,Pili
,4434,20,Nabua
,4410,20,Ragay
,4404,20,Bombon
,4412,20,Gainza
,4413,20,Milaor
,4419,20,Ocampo
,4421,20,Sagnay
,4427,20,Siruma
,4420,20,Tigaon
,4436,20,Balatan
,4406,20,Cabusao
,4402,20,Canaman
,4425,20,Lagunoy
,4403,20,Magarao
,4417,20,Pasacao
,4408,20,Sipocot
,4429,20,Caramoan
,4407,20,Libmanan
,4416,20,Pamplona
,4423,20,San Jose
,4426,20,Tinambac
,4405,20,Calabanga
,4401,20,Camaligan
,4414,20,Minalabac
,4400,20,Naga City
,4431,20,Iriga City
,4411,20,Del Gallego
,4428,20,Garchitorena
,4424,20,Presentacion
,4415,20,San Fernando
,9103,21,Sagay
,9101,21,Mahinog
,9104,21,Catarman
,9100,21,Mambajao
,9102,21,Guinsiliban
,5810,22,Dao
,5801,22,Panay
,5804,22,Pilar
,5816,22,Sigma
,5814,22,Tapaz
,5805,22,Ivisan
,5806,22,Sapian
,5813,22,Dumalag
,5812,22,Dumarao
,5809,22,Ma-ayon
,5815,22,Panitan
,5811,22,Cuartero
,5808,22,Jamindan
,5807,22,Mambusao
,5802,22,Pontevedra
,5800,22,Roxas City
,5803,22,President Roxas
,4801,23,Bato
,4805,23,Viga
,4803,23,Baras
,4800,23,Virac
,4809,23,Pandan
,4804,23,Gigmoto
,4807,23,Bagamanoc
,4808,23,Caramoran
,4806,23,Panganiban
,4810,23,San Andres
,4802,23,San Miguel
,4103,24,Imus
,4110,24,Naic
,4104,24,Kawit
,4108,24,Tanza
,4119,24,Amadeo
,4102,24,Bacoor
,4122,24,Indang
,4118,24,Silang
,4123,24,Alfonso
,4116,24,Carmona
,4106,24,Rosario
,4111,24,Ternate
,4105,24,Noveleta
,4107,24,Gen Trias
,4114,24,Dasmariñas
,4113,24,Magallanes
,4112,24,Maragondon
,4100,24,Cavite City
,4111,24,Puerto Azul
,4111,24,Caylabne Bay
,4120,24,Tagaytay City
,4125,24,Corregidor Island
,4116,24,Gen Mariano Alvarez
,4109,24,Trece Martires City
,4121,24,Mendez(Mendez-Nuñez)
,4101,24,Sangley Point Naval Base
,4115,24,Dasmarinas Resettlement Area
,4124,24,Gen Emilio Aguinaldo (Bailen)
,6010,25,Bogo
,6037,25,Naga
,6049,25,Poro
,6023,25,Alcoy
,6021,25,Argao
,6025,25,Oslob
,6048,25,Pilar
,6034,25,Ronda
,6007,25,Sogod
,6031,25,Badian
,6036,25,Barili
,6008,25,Borbon
,6019,25,Carcar
,6005,25,Carmen
,6006,25,Catmon
,6002,25,Liloan
,6051,25,Tudela
,6030,25,Alegria
,6024,25,Boljoon
,6017,25,Cordova
,6027,25,Samboan
,6020,25,Sibonga
,6009,25,Tabogon
,6043,25,Tuburan
,6042,25,Asturias
,6041,25,Balamban
,6052,25,Bantayan
,6035,25,Dumanjug
,6012,25,Medellin
,6032,25,Moalboal
,6047,25,Santa Fe
,6044,25,Tabuelan
,6031,25,Alcantara
,6000,25,Cebu City
,6022,25,Dalaguete
,6028,25,Ginatilan
,6029,25,Malabuyoc
,6026,25,Santander
,6040,25,Aloguinsan
,6003,25,Compostela
,6004,25,Danao City
,6053,25,Madridejos
,6001,25,Consolacion
,6046,25,Minglanilla
,6011,25,San Remigio
,6038,25,Toledo City
,6013,25,Daanbantayan
,6014,25,Mandaue City
,6039,25,Pinamungahan
,6018,25,San Fernando
,6045,25,Talisay City
,6016,25,Mactan Island
,6050,25,San Francisco
,6015,25,Lapu-Lapu City (Opon)
,8114,26,Maco
,8108,26,Mawab
,8111,26,Monkayo
,8117,26,Pantukan
,8109,26,Compostela
,8107,26,Montevista
,8106,26,Nabunturan
,8110,26,New Bataan
,8103,26,Laak (San Vicente)
,8115,26,Mabini (Doña Alicia)
,8116,26,Maragusan (San Mariano)
,8118,28,Babak
,8101,28,Carmen
,8102,28,Asuncion
,8113,28,Kapalong
,8120,28,Kaputian
,8100,28,Tagum City
,8104,28,New Corella
,8105,28,Panabo City
,8112,28,Santo Tomas
,8119,28,Island Garden City of Samal
,8009,29,Sulop
,8012,29,Malita
,8007,29,Padada
,8006,29,Hagonoy
,8010,29,Malalag
,8003,29,Matanao
,8005,29,Bansalan
,8008,29,Kiblawan
,8004,29,Magsaysay
,8015,29,Sarangani
,8000,29,Davao City
,8002,29,Digos City
,8001,29,Santa Cruz
,8011,29,Santa Maria
,8013,29,Don Marcelino
,8014,29,Jose AbadSantos
,8200,31,Mati
,8207,31,Lopon
,8202,31,Manay
,8206,31,Boston
,8203,31,Caraga
,8205,31,Cateel
,8204,31,Baganga
,8201,31,Tarragona
,8208,31,Banaybanay
,8209,31,San Isidro
,8210,31,Gov Generoso
,6818,33,Oras
,6816,33,Taft
,6815,33,Sulat
,6809,33,Guiuan
,6813,33,Lawaan
,6820,33,Maslog
,6822,33,Arteche
,6817,33,Dolores
,6804,33,Hernani
,6819,33,Jipapad
,6807,33,Salcedo
,6800,33,Borongan
,6806,33,Can-avid
,6811,33,Giporlos
,6803,33,Llorente
,6808,33,Mercedes
,6812,33,Balangiga
,6802,33,Maydolong
,6814,33,San Julian
,6801,33,Balangkayan
,6810,33,Quinapondan
,6805,33,Gen MacArthur
,6821,33,San Policarpo
,5045,34,Jordan
,5044,34,Buenavista
,5046,34,Nueva Valencia
,3605,35,Lamut
,3609,35,Tinoc
,3601,35,Banaue
,3600,35,Lagawe
,3610,35,Asipulo
,3607,35,Hingyon
,3604,35,Kiangan
,3603,35,Hungduan
,3606,35,Aguinaldo
,3602,35,Mayoyao (Mayaoyao)
,3608,35,Alfonso Lista (Potia)
,2922,36,Adams
,2904,36,Badoc
,2906,36,Batac
,2902,36,Paoay
,2920,36,Bangui
,2918,36,Burgos
,2911,36,Carasi
,2907,36,Marcos
,2912,36,Piddig
,2905,36,Pinili
,2914,36,Sarrat
,2915,36,Vintar
,2916,36,Bacarra
,2913,36,Dingras
,2910,36,Solsona
,2903,36,Currimao
,2921,36,Dumalneg
,2919,36,Pagudpud
,2917,36,Pasuquin
,2909,36,Nueva Era
,2900,36,Laoag City
,2901,36,San Nicolas
,2908,36,Banna (Espiritu)
,2715,37,Suyo
,2703,37,Santa
,2719,37,Sigay
,2716,37,Alilem
,2727,37,Bantay
,2724,37,Burgos
,2733,37,Sinait
,2717,37,Sugpon
,2732,37,Cabugao
,2702,37,Caoayan
,2714,37,Tagudin
,2708,37,Banayoyo
,2723,37,Lidlidda
,2725,37,Nagbukel
,2704,37,Narvacan
,2707,37,Santiago
,2718,37,Cervantes
,2709,37,Galimuyod
,2730,37,Magsingal
,2722,37,San Emilio
,2713,37,Santa Cruz
,2700,37,Vigan City
,2710,37,Candon City
,2706,37,San Esteban
,2726,37,San Vicente
,2712,37,Santa Lucia
,2705,37,Santa Maria
,2728,37,San Ildefonso
,2729,37,Santo Domingo
,2701,37,Santa Catalina
,2711,37,Salcedo (Baugen)
,2731,37,San Juan (Lapog)
,2721,37,Quirino (Angkaki)
,2720,37,Gregorio del Pilar
,5012,38,Ajuy
,5026,38,Leon
,5032,38,Mina
,5020,38,Oton
,5014,38,Sara
,5016,38,Batad
,5037,38,Passi
,5001,38,Pavia
,5009,38,Anilao
,5010,38,Banate
,5019,38,Carles
,5035,38,Dingle
,5038,38,Duenas
,5043,38,Lemery
,5030,38,Maasin
,5023,38,Miagao
,5018,38,Balasan
,5040,38,Calinog
,5022,38,Guimbal
,5029,38,Igbaras
,5034,38,Janiuay
,5003,38,Leganes
,5008,38,Pototan
,5004,38,Zarraga
,5041,38,Bingawan
,5031,38,Cabatuan
,5006,38,Dumangas
,5017,38,Estancia
,5042,38,Lambunao
,5021,38,Tigbauan
,5027,38,Tubungan
,5028,38,Alimodian
,5033,38,Badiangan
,5005,38,NewLucena
,5013,38,Concepcion
,5025,38,San Miguel
,5039,38,San Rafael
,5000,38,Iloilo City
,5036,38,San Enrique
,5024,38,San Joaquin
,5015,38,San Dionisio
,5007,38,Barotoc Nuevo
,5011,38,Barotoc Viejo
,5002,38,Santa Barbara
,3301,39,Gamu
,3304,39,Luna
,3313,39,Jones
,3319,39,Ramon
,3320,39,Roxas
,3306,39,Alicia
,3316,39,Aurora
,3322,39,Burgos
,3312,39,Cordon
,3300,39,Ilagan
,3323,39,Mallig
,3324,39,Quezon
,3328,39,Cabagan
,3305,39,Cauayan
,3309,39,Echague
,3334,39,Palanan
,3321,39,Quirino
,3315,39,Cabatuan
,3311,39,Santiago
,3325,39,Tumauini
,3307,39,Angadanan
,3336,39,Dinapigui
,3335,39,Divilacan
,3333,39,Maconacon
,3302,39,Naguillan
,3318,39,San Mateo
,3329,39,San Pablo
,3310,39,San Isidro
,3314,39,San Agustin
,3332,39,San Mariano
,3330,39,Santa Maria
,3327,39,Santo Tomas
,3326,39,Delfin Albano
,3303,39,ReinaMercedes
,3308,39,San Guillermo
,3331,39,Benito Soliven
,3317,39,San Manuel (Callang)
,3813,40,Luna
,3810,40,Flora
,3803,40,Pasil
,3800,40,Tabuk
,3807,40,Conner
,3812,40,Pudtol
,3809,40,Kabugao
,3805,40,Tanudan
,3801,40,Balbalan
,3802,40,Lubuagan
,3806,40,Pinukpuk
,3814,40,Calanasan
,3804,40,Tinglayan
,3808,40,Liwan(Rizal)
,3811,40,Santa Marcela
,2504,41,Agoo
,2502,41,Caba
,2518,41,Luna
,2508,41,Pugo
,2509,41,Tubao
,2519,41,Bangar
,2501,41,Bauang
,2510,41,Burgos
,2516,41,Santol
,2503,41,Aringay
,2512,41,Bagulin
,2517,41,Balaoan
,2506,41,Rosario
,2520,41,Sudepen
,2515,41,Bacnotan
,2507,41,Damortis
,2514,41,San Juan
,2511,41,Naguillan
,2513,41,San Gabriel
,2505,41,Santo Tomas
,2500,41,San Fernando
,4033,42,Bay
,4021,42,Famy
,4010,42,Pila
,4024,42,Binan
,4004,42,Liliw
,4016,42,Paete
,4017,42,Pakil
,4003,42,Rizal
,4014,42,Lumban
,4018,42,Pangil
,4025,42,Cabuyao
,4012,42,Calauan
,4013,42,Cavinti
,4020,42,Mabitac
,4001,42,Alaminos
,4015,42,Kalayaan
,4032,42,Luisiana
,4005,42,Majayjay
,4016,42,Siniloan
,4011,42,Victoria
,4030,42,Los Baños
,4007,42,Magdalena
,4002,42,Nagcarlan
,4006,42,Pagsanjan
,4023,42,San Pedro
,4009,42,Santa Cruz
,4022,42,Santa Maria
,4027,42,Calamba City
,4000,42,San Pablo City
,4026,42,Santa Rosa City
,4029,42,Camp Vicente Lim
,4006,42,"Botocan, Magdalena"
,4028,42,"Canlubang, Calamba City"
,9211,43,Lala
,9217,43,Baloi
,9210,43,Baroy
,9206,43,Maigo
,9219,43,Munai
,9213,43,Sapad
,9209,43,Tubod
,9218,43,Pantar
,9205,43,Bacolod
,9201,43,Linamon
,9220,43,Tangkal
,9203,43,Matungao
,9216,43,Nunungan
,9212,43,Salvador
,9222,43,Tagoloan
,9214,43,Kapatagan
,9215,43,Karomatan
,9202,43,Kauswagan
,9221,43,Magsaysay
,9207,43,Kolambogan
,9200,43,Iligan City
,9208,43,PantaoRagat
,9204,43,Poona Piagapo
,9716,44,Wao
,9305,44,Butig
,9709,44,Kapai
,9706,44,Masui
,9309,44,Bayang
,9708,44,Bubong
,9313,44,Pualas
,9712,44,Taraka
,9317,44,Tugaya
,9311,44,Ganassi
,9315,44,Madalum
,9314,44,Madamba
,9715,44,Maguing
,9702,44,Mulondo
,9710,44,Piagapo
,9304,44,Tubaran
,9320,44,Bumbaran
,9307,44,Lumbatan
,9300,44,Malabang
,9303,44,Maragong
,9711,44,Marantao
,9704,44,Tamparan
,9302,44,Balabagan
,9318,44,Balindong
,9310,44,Binidayan
,9319,44,Calanogas
,9312,44,Pagayawan
,9701,44,Saguiaran
,9700,44,Marawi City
,9321,44,Tagoloan-II
,9306,44,Lumbayanague
,9703,44,Lumba Bayabao
,9705,44,Poona Bayabao
,9316,44,Bacolod Grande
,9308,44,Macador Andong
,9713,44,Ramain-Ditsaan
,9301,44,Sultan Gumander
,9714,44,Buadiposo Buntong
,1744,44,Manuyo
,1742,44,Zapote
,1750,44,Almanza
,1743,44,Cut-cut
,1742,44,Pulang Lupa
,1749,44,Angela Village
,1751,44,T.S. Cruz Subdivision
,1745,44,Gatchalian Subdivision
,1748,44,Manila Doctors Village
,1741,44,Remarville Subdivision
,1746,44,Verdant Acres Subdivision
,1752,44,Soldiers Hills Subdivision
,1747,44,Moonwalk Subdivision and Talon
,6525,45,Bato
,6527,45,Jaro
,6501,45,Palo
,6505,45,Dulag
,6533,45,Leyte
,6528,45,Tunga
,6510,45,Abuyog
,6519,45,Barugo
,6521,45,Baybay
,6515,45,Dagami
,6539,45,Isabel
,6511,45,Javier
,6506,45,Julita
,6508,45,La Paz
,6540,45,Merida
,6502,45,Tanuan
,6503,45,Tolosa
,6542,45,Albuera
,6516,45,Burauen
,6523,45,Hindang
,6531,45,Kananga
,6526,45,Matalom
,6507,45,Mayorga
,6536,45,Tabango
,6537,45,Villaba
,6534,45,Calubian
,6530,45,Capoocan
,6529,45,Carigara
,6524,45,Hilongos
,6522,45,Inopacan
,6512,45,Mahaplag
,6532,45,Matag-ob
,6538,45,Palompon
,6514,45,Pastrana
,6513,45,Santa Fe
,6520,45,Babatngon
,6509,45,Macarthur
,6517,45,Alangalang
,6541,45,Ormoc City
,6535,45,San Isidro
,6518,45,San Miguel
,6504,45,Tabontabon
,6500,45,Tacloban City
,9602,46,Upi
,9614,46,Barira
,9615,46,Buldon
,9616,46,Buluan
,9601,46,Dinaig
,9604,46,Parang
,9608,46,Maganoy
,9613,46,Matanog
,9612,46,Talayan
,9609,46,Ampatuan
,9607,46,DatuPiang
,9603,46,South Upi
,9606,46,Kabuntulan
,9610,46,Pagalungan
,9617,46,Datu Paglas
,9600,46,CotabatoCity
,9605,46,Sultan Kudarat
,9618,46,Gen. S.K. Datun
,9611,46,Sultan sa Barongis
,1214,46,Cembo
,1218,46,Pembo
,1204,46,La Paz
,1233,46,Bangkal
,1209,46,Bel-Air
,1217,46,Comembo
,1235,46,Palanan
,1204,46,Tejeros
,1228,46,Greenbelt
,1206,46,Kasilawan
,1210,46,Poblacion
,1204,46,Singkamas
,1234,46,San Isidro
,1205,46,Santa Cruz
,1208,46,Valenzuela
,1215,46,West Rembo
,1231,46,Pasong Tamo
,1211,46,Palm Village
,1230,46,Pio del Pilar
,1208,46,Rizal Village
,1231,46,Ecology Village
,1212,46,Guadalupe Nuevo
,1211,46,Guadalupe Viejo
,1229,46,Legaspi Village
,1227,46,Salcedo Village
,1212,46,Visayan Village
,1208,46,Santiago Village
,1225,46,Urdaneta Village
,1219,46,Forbes Park North
,1220,46,Forbes Park South
,1232,46,Magallanes Village
,1208,46,San Miguel Village
,1207,46,Carmona and Olympia
,1203,46,San Antonio Village
,1223,46,San Lorenzo Village
,1221,46,Dasmariñas Village North
,1222,46,Dasmariñas Village South
,1226,46,Ayala Avenue-Paseo de Roxas
,1202,46,Fort Bonifacio Naval Station
,1216,46,East Rembo and Malapad na Bato
,1479,46,Muzon
,1474,46,Acacia
,1471,46,Flores
,1472,46,Longos
,1470,46,Malabon
,1477,46,Maysilo
,1475,46,Potrero
,1473,46,Tonsuya
,1480,46,Dampalit
,1478,46,Santolan
,1409,46,Kaunlaran Village
,1476,46,Araneta Subdivision
,1551,46,Vergara
,1554,46,East EDSA
,1555,46,Wack Wack
,1552,46,Shaw Boulevard
,1556,46,Greenhills South
,1007,46,Paco
,1004,46,Malate
,1006,46,Binondo
,1011,46,Pandacan
,1009,46,Santa Ana
,1002,46,Intramuros
,1017,46,San Andres
,1005,46,San Miguel
,1016,46,Santa Mesa
,1010,46,San Nicolas
,1013,46,Tondo North
,1012,46,Tondo South
,1008,46,Sampaloc East
,1015,46,Sampaloc West
,1045,46,Ermita P.O. Box
,1018,46,Port Area South
,1003,46,Santa Cruz South
,1820,46,Cupang
,1808,46,Nangka
,1809,46,Parang
,1820,46,Mayamot
,1805,46,Malanday
,1820,46,Mambagat
,1820,46,Bagong Nayon
,1807,46,Concepcion 1
,1811,46,Concepcion 2
,1804,46,J. De LaPeña
,1810,46,Marikina Heights
,1802,46,Industrial Valley
,1803,46,Barangka and Tañong
,1801,46,San Roque-Calumpang
,1806,46,Western Marikina River
,1806,46,Northern Marikina River
,4900,47,Boac
,4905,47,Gasan
,4901,47,Mogpog
,4903,47,Torrijos
,4904,47,Buenavista
,4902,47,Santa Cruz
,5401,48,Mobo
,5402,48,Uson
,5412,48,Balud
,5414,48,Aroroy
,5413,48,Baleno
,5415,48,Batuan
,5408,48,Placer
,5409,48,Cawayan
,5411,48,Mandaon
,5400,48,Masbate
,5418,48,Monreal
,5404,48,Palanas
,5419,48,Claveria
,5410,48,Milagros
,5405,48,Cataingan
,5407,48,Esperanza
,5421,48,Buenavista
,5403,48,Dimasalang
,5417,48,San Jacinto
,5420,48,San Pascual
,5416,48,San Fernando
,5406,48,Pio V. Corpuz
,7206,49,Aloran
,7201,49,Clarin
,7205,49,Panaon
,7202,49,Tudela
,7210,49,Calamba
,7204,49,Jimenez
,7209,49,Plaridel
,7211,49,Baliangao
,7215,49,Bonifacio
,7203,49,Sinacaban
,7213,49,Concepcion
,7208,49,Lopez Jaena
,7200,49,Ozamis City
,7204,49,Tangub City
,7212,49,Sapang Dalaga
,7207,49,Oroquieta City
,9016,50,Opol
,9007,50,Salay
,9022,50,Initao
,9003,50,Jasaan
,9025,50,Lugait
,9013,50,Medina
,9023,50,Naawan
,9020,50,Gitagum
,9018,50,Alubijid
,9004,50,Claveria
,9021,50,Libertad
,9024,50,Manticao
,9001,50,Tagoloan
,9011,50,Balinguan
,9008,50,Binuangan
,9010,50,Kinogitan
,9015,50,Magsaysay
,9012,50,Talisayan
,9005,50,Balingasag
,9006,50,Lagonglong
,9002,50,Villanueva
,9017,50,El Salvador
,9014,50,Gingoog City
,9019,50,Laguindingan
,9009,50,Sugbungcogon
,9000,50,Cagayan de Oro City
,2621,51,Bauko
,2618,51,Besao
,2623,51,Barlig
,2616,51,Bontoc
,2619,51,Sagada
,2620,51,Tadian
,2624,51,Natonin
,2617,51,Sadanga
,2622,51,Sabangan
,2625,51,Paracelis
,1773,51,Tunasan
,1776,51,Poblacion
,1771,51,Bule/Cupang
,1775,51,PearlHeights
,1774,51,Susana Heights
,1772,51,Bayanan/Putatan
,1777,51,Pleasant Village
,1780,51,Ayala Alabang Subdivision
,1490,51,Tanza
,1489,51,Tangos
,1485,51,Navotas
,1411,51,FishMarket
,1412,51,Isla de Cocomo
,1409,51,Kaunlaran Village
,1413,51,Kapitbahayan [East]
,1411,51,Fish Market
,6109,52,Ilog
,6122,52,Sagay
,6129,52,Murcia
,6125,52,Toboso
,6110,52,Candoni
,6128,52,Isabela
,6112,52,Kauayan
,6120,52,Manapla
,6113,52,Sipalay
,6115,52,Talisay
,6101,52,Bago City
,6126,52,Calatrava
,6124,52,Escalante
,6106,52,Hinigaran
,6114,52,Hinoba-an
,6119,52,Victorias
,6107,52,Binalbagan
,6121,52,Cadiz City
,6108,52,Himamaylan
,6105,52,Pontevedra
,6102,52,Pulupandan
,6116,52,Silay City
,6103,52,Valladolid
,6111,52,Kabangkalan
,6104,52,San Enrique
,6100,52,Bacolod City
,6131,52,La Castillana
,6132,52,Moises Padilla
,6130,52,La Carlota City
,6127,52,San Carlos City
,6118,52,Enrique Magalona
,6123,52,Paraiso (Fabrica)
,6117,52,Silay Hawaiian Central
,6203,53,Amlan
,6222,53,Basay
,6217,53,Dauin
,6216,53,Bacung
,6209,53,Bindoy
,6219,53,Siaton
,6204,53,Tanjay
,6210,53,Ayungon
,6221,53,Bayawan
,6207,53,Mabinay
,6201,53,Sibulan
,6211,53,Tayasan
,6208,53,Manjuyod
,6205,53,Pamplona
,6202,53,San Jose
,6215,53,Valencia
,6206,53,Bais City
,6212,53,Jimalalud
,6214,53,Guihulngan
,6213,53,La Libertad
,6223,53,Canlaon City
,6218,53,Zamboanguita
,6220,53,Sta. Catalina
,6224,53,Valle Hermoso
,6200,53,Dumaguete City
,9409,53,Pikit
,9417,53,Arakan
,9408,53,Carmen
,9402,53,M'Lang
,9404,53,Magpet
,9413,53,Alamada
,9415,53,Aleosan
,9414,53,Antipas
,9407,53,Kabacan
,9406,53,Matalam
,9403,53,Tulunan
,9411,53,Libungan
,9401,53,Makilala
,9410,53,Midsayap
,9416,53,Banisilan
,9412,53,Pigkawayan
,9400,53,Kidapawan City
,9405,53,President Roxas
,6410,54,Biri
,6405,54,Allen
,6401,54,Bobon
,6408,54,Capul
,6422,54,Gamay
,6411,54,Laoang
,6418,54,Catubig
,6423,54,Lapineg
,6412,54,Mapanas
,6421,54,Palapag
,6416,54,Rosario
,6400,54,Catarman
,6420,54,La Navas
,6413,54,Pambujan
,6402,54,San Jose
,6406,54,Victoria
,6404,54,Lavezares
,6417,54,Mondragon
,6415,54,San Roque
,6409,54,San Isidro
,6407,54,San Antonio
,6419,54,San Vicente
,6403,54,Lope De Vega
,6414,54,Silvino Lubos
,3109,55,Jaen
,3129,55,Laur
,3105,55,Gapan
,3112,55,Licab
,3122,55,Lupao
,3119,55,Muñoz
,3127,55,Rizal
,3111,55,Aliaga
,3107,55,Cabiao
,3117,55,Cuyapo
,3115,55,Guimba
,3113,55,Quezon
,3126,55,Llanera
,3128,55,Bongabon
,3131,55,Gabaldon
,3114,55,Talavera
,3118,55,Talugtog
,3110,55,Zaragosa
,3104,55,Gen Tinio
,3116,55,Nampicuan
,3103,55,Peñaranda
,3123,55,Carranglan
,3106,55,San Isidro
,3101,55,Santa Rosa
,3124,55,Pantabangan
,3108,55,San Antonio
,3132,55,Palayan City
,3102,55,San Leonardo
,3121,55,San Jose City
,3133,55,Santo Domingo
,3130,55,Fort Magsaysay
,3100,55,Cabanatuan City
,3125,55,Gen M. Natividad
,3120,55,Central Luzon State University
,3712,56,Diadi
,3704,56,Aritao
,3703,56,Kasibu
,3708,56,Kayapa
,3713,56,Quezon
,3709,56,Solano
,3711,56,Bagabag
,3702,56,Bambang
,3701,56,Ambaguio
,3700,56,Bayombong
,3707,56,Dupax del Sur
,3706,56,Dupax del Norte
,3714,56,Alfonso Castañeda
,3705,56,Santa Fe (Imugan)
,3710,56,Villa Verde (Ibung)
,5111,57,Looc
,5103,57,Rizal
,5110,57,Tilik
,5109,57,Lubang
,5107,57,Paluan
,5106,57,Mamburao
,5104,57,Sablayan
,5100,57,San Jose
,5102,57,Calintaan
,5101,57,Magsaysay
,5105,57,Santa Cruz
,5108,57,Abra de Ilog
,5201,58,Baco
,5206,58,Pola
,5212,58,Roxas
,5210,58,Bansud
,5209,58,Gloria
,5204,58,Naujan
,5200,58,Calapan
,5207,58,Socorro
,5211,58,Bongabon
,5213,58,Mansalay
,5205,58,Victoria
,5214,58,Bulalacao
,5208,58,Pinamalayan
,5202,58,San Teodoro
,5203,58,Puerto Galera
,5318,59,Cuyo
,5316,59,Coron
,5308,59,Roxas
,5315,59,Culion
,5304,59,Quezon
,5312,59,Taytay
,5302,59,Aborlan
,5320,59,Agutaya
,5311,59,Araceli
,5307,59,Balabac
,5310,59,Dumaran
,5306,59,Bataraza
,5317,59,Busuanga
,5322,59,Kalayaan
,5314,59,Linapacan
,5319,59,Magsaysay
,5309,59,San Vicente
,5321,59,Cagayancillo
,5305,59,Brooke's Point
,5303,59,Narra (Panacan)
,5313,59,El Nido (Baquit)
,5301,59,Iwahig Penal Colony
,5300,59,Puerto Princesa City
,2005,60,Lubao
,2008,60,Porac
,2016,60,Apalit
,2012,60,Arayat
,2003,60,Guagua
,2021,60,Mexico
,2001,60,Bacolor
,2013,60,Candaba
,2019,60,Minalin
,2018,60,Macabebe
,2011,60,Magalang
,2017,60,Masantol
,2014,60,San Luis
,2010,60,Mabalacat
,2015,60,San Simon
,2022,60,Santa Ana
,2002,60,Santa Rita
,2020,60,Santo Tomas
,2009,60,Angeles City
,2007,60,Basa Airbase
,2006,60,Floridablanca
,2000,60,San Fernando City
,2004,60,Sasmuan (Sexmoan)
,2408,61,Agno
,2405,61,Anda
,2407,61,Bani
,2403,61,Sual
,2411,61,Dasol
,2437,61,Laoac
,2434,61,Sison
,2445,61,Tayug
,2425,61,Alcala
,2410,61,Burgos
,2409,61,Mabini
,2415,61,Aguilar
,2439,61,Asingan
,2422,61,Basista
,2406,61,Bolinao
,2412,61,Infanta
,2430,61,Manaoag
,2441,61,Rosales
,2443,61,Umingan
,2404,61,Alaminos
,2442,61,Balungao
,2424,61,Bautista
,2417,61,Binmaley
,2416,61,Bugallon
,2418,61,Calasiao
,2402,61,Labrador
,2401,61,Lingayen
,2429,61,Mapandan
,2428,61,Urdaneta
,2427,61,Villasis
,2423,61,Bayambang
,2436,61,Binalonan
,2421,61,Malasiqui
,2432,61,Mangaldan
,2446,61,Natividad
,2413,61,Mangatarem
,2435,61,Pozorrubio
,2433,61,San Fabian
,2438,61,San Manuel
,2414,61,Urbiztondo
,2431,61,San Jacinto
,2447,61,San Nicolas
,2444,61,San Quintin
,2440,61,Santa Maria
,2426,61,Santo Tomas
,2400,61,Dagupan City
,2419,61,Santa Barbara
,2420,61,San CarlosCity
,1706,61,Pulo
,1701,61,Tambo
,1702,61,Baclaran
,1720,61,BF Homes 1
,1718,61,BF Homes 2
,1704,61,Santo Niño
,1700,61,Parañaque CPO
,1719,61,Maywood Village I
,1716,61,Maywood Village II
,1712,61,Miramar Subdivision
,1714,61,Aeropark Subdivision
,1715,61,San Antonio Valley 1
,1708,61,Multinational Village
,1707,61,San Antonio Valley 11
,1707,61,San Antonio Valley 12
,1709,61,South Admiral Village
,1711,61,Better Living Subdivision
,1714,61,Ireneville Subdivision II
,1713,61,United Parañaque Subdivision
,1710,61,Executive Heights Subdivision
,1719,61,Ireneville Subdivision I & III
,1703,61,Marina Subdivision (Reclamation)
,1305,61,San Jose
,1303,61,San Roque
,1306,61,San Isidro
,1302,61,San Rafael
,1304,61,Santa Clara
,1309,61,Villamor Airbase
,1307,61,PICC (Reclamation Area)
,1308,61,Manila Bay (Reclamation)
,1604,61,Ugong
,1609,61,Rosario
,1606,61,Caniogan
,1607,61,Maybunga
,1610,61,Santolan
,1611,61,Manggahan
,1612,61,Green Park
,1603,61,Kapitol Yo
,1601,61,San Joaquin
,1608,61,Santa Lucia
,1602,61,Pinagbuhatan
,1620,61,Aguho
,1621,61,Santa Ana
,4335,62,Real
,4316,62,Lopez
,4334,62,Perez
,4333,62,Alabat
,4307,62,Gumaca
,4328,62,Lucban
,4330,62,Mauban
,4336,62,nfanta
,4308,62,Pitogo
,4332,62,Quezon
,4325,62,Tiaong
,4305,62,Unisan
,4340,62,Burdeos
,4318,62,Calauag
,4326,62,Dolores
,4304,62,gdangan
,4342,62,Jomalig
,4312,62,Mulanay
,4322,62,Sariyaa
,4327,62,Tayabas
,4331,62,Atimonan
,4302,62,Pagbilao
,4329,62,Sampaloc
,4311,62,Catanauan
,4309,62,Macalelon
,4337,62,Panukulan
,4320,62,Buenavista
,4324,62,Candelaria
,4314,62,San Andres
,4321,62,Tagkawayan
,4319,62,Guinayangan
,4301,62,Lucena City
,4300,62,Lucena City
,4341,62,Patnanungan
,4324,62,San Antonio
,4313,62,San Narciso
,4303,62,Padre Burgos
,4310,62,Gen Antonio Luna
,4317,62,"Hondagua, Calauag"
,4300,62,Provincial Capitol
,4315,62,San Francisco (Aurora)
,1106,62,Baesa
,1117,62,Capri
,1102,62,Claro
,1111,62,Crame
,1109,62,Cubao
,1115,62,Damar
,1117,62,Gulod
,1110,62,Libis
,1116,62,Sauyo
,1128,62,Vasra
,1105,62,Alicia
,1102,62,Amihan
,1116,62,Bagbag
,1105,62,Bungad
,1128,62,Culiat
,1109,62,Escopa
,1102,62,Kamias
,1101,62,Malaya
,1109,62,Mangga
,1103,62,Obrero
,1105,62,Paltok
,1108,62,Pansol
,1113,62,Santol
,1114,62,Sienna
,1101,62,Botocan
,1100,62,Central
,1104,62,Damayan
,1104,62,Diliman
,1114,62,La Loma
,1114,62,Lourdes
,1115,62,Manresa
,1112,62,Mariana
,1104,62,Mariblo
,1109,62,Marilag
,1107,62,New Era
,1104,62,Paraiso
,1119,62,Payatas
,1104,62,Phil-Am
,1100,62,Piñahan
,1109,62,Socorro
,1104,62,Talayan
,1113,62,Tatalon
,1120,62,BF Homes
,1118,62,Fairview
,1103,62,Kamuning
,1109,62,Masagana
,1115,62,San Jose
,1102,62,Silangan
,1109,62,Tagumpay
,1110,62,Talampas
,1116,62,Talipapa
,1112,62,Valencia
,1115,62,Balingasa
,1106,62,Balumbato
,1109,62,Bayanihan
,1105,62,Del Monte
,1112,62,Horseshoe
,1112,62,Kalusugan
,1105,62,Katipunan
,1111,62,Kaunlaran
,1114,62,Maharlika
,1115,62,Masambong
,1114,62,Matalahib
,1109,62,Milagrosa
,1109,62,Project 4
,1100,62,Project 6
,1105,62,Project 7
,1106,62,Project 8
,1114,62,Salvacion
,1109,62,San Roque
,1114,62,St. Peter
,1106,62,Bahay Toro
,1106,62,Balintawak
,1109,62,Blue Ridge
,1113,62,Don Manuel
,1103,62,Paligsahan
,1113,62,San Isidro
,1104,62,Santa Cruz
,1113,62,Santo Niño
,1116,62,Sangandaan
,1113,62,Doña Aurora
,1113,62,Doña Imelda
,1113,62,Doña Josefa
,1102,62,Duyan-Duyan
,1127,62,Holy Spirit
,1124,62,Kaligayahan
,1107,62,Pasong Tamo
,1117,62,San Agustin
,1105,62,San Antonio
,1101,62,San Vicente
,1117,62,Santa Lucia
,1110,62,Ugong Norte
,1106,62,Unang Sigaw
,1110,62,Bagong Bayan
,1109,62,Bagong Buhay
,1121,62,Commonwealth
,1112,62,Damayan Lagi
,1102,62,E. Rodriguez
,1103,62,Laging Handa
,1114,62,Paang Bundok
,1118,62,Pasong Putik
,1105,62,R. Magsaysay
,1103,62,Sacred Heart
,1117,62,Santa Monica
,1105,62,Santo Cristo
,1110,62,St. Ignatius
,1116,62,Tandang Sora
,1110,62,White Plains
,1126,62,Batasan Hills
,1123,62,Damong Maliit
,1112,62,Kristong Hari
,1101,62,Krus na Ligas
,1111,62,Pinagkaisahan
,1116,62,San Bartolome
,1120,62,Violago Homes
,1104,62,West Triangle
,1111,62,Bagong Lipunan
,1105,62,Bagong Pag-Asa
,1110,62,Camp Aguinaldo
,1109,62,Dioquino Zobel
,1108,62,Loyola Heights
,1103,62,Roxas District
,1114,62,Santa Teresita
,1103,62,South Triangle
,1106,62,Apolonio Samson
,1119,62,Bagong Silangan
,1114,62,Gintong Silahis
,1104,62,Nayon Kaunlaran
,1121,62,Fairview [North]
,1122,62,Fairview [South]
,1119,62,Matandang Balara
,1125,62,Nagkaisang Nayon
,1101,62,Old Capitol Site
,1101,62,Sikatuna Village
,1101,62,Teachers Village
,1105,62,Veterans Village
,1123,62,Novaliches Proper
,1115,62,Pag-Ibig sa Nayon
,1109,62,Villa Maria Clara
,1126,62,Capitol Hills/Park
,1114,62,San Isidro Labrador
,1111,62,St. Martin de Porres
,1111,62,Immaculate Concepcion
,1125,62,Doña Faustina Subdivision
,1102,62,Project 2 - Quirino District
,1102,62,Project 3 - Quirino District
,1101,62,University of the Philippines P.O.
,3401,63,Diffun
,3403,63,Aglipay
,3404,63,Maddela
,3402,63,Saguday
,3400,63,Cabarruguis
,3405,63,Nagtipunan (Abbag)
,1970,64,Baras
,1980,64,Tanay
,1930,64,Angono
,1900,64,Cainta
,1960,64,Morong
,1920,64,Taytay
,1880,64,Teresa
,1950,64,Cardona
,1910,64,Pililia
,1990,64,Jala-Jala
,1850,64,San Mateo
,1940,64,Binangonan
,1870,64,Antipolo City
,1860,64,Eulogio Rodriguez (Montalban)
,5507,65,Looc
,5506,65,Ferrol
,5502,65,Imelda
,5514,65,Corcuera
,5505,65,Odiongan
,5500,65,Rombolon
,5510,65,San Jose
,5508,65,Santa Fe
,5509,65,Alcantara
,5503,65,Calatrava
,5511,65,Magdiwang
,5512,65,Cajidiocan
,5516,65,Concepcion
,5504,65,San Andres
,5501,65,San Agustin
,5513,65,San Fernando
,5515,65,Banton (Jones)
,1504,66,Eisenhower - Crame
,1503,66,Greenhills [North]
,9517,67,Glan
,9501,67,Alabel
,9514,67,Kiamba
,9502,67,Maasim
,9515,67,Maitum
,9503,67,Malungon
,9516,67,Malapatan
,6228,68,Lazi
,6229,68,Maria
,6226,68,Larena
,6227,68,San Juan
,6225,68,Siquijor
,6230,68,EnriqueVillanueva
,4701,69,Bacon
,4706,69,Bulan
,4710,69,Gubat
,4703,69,Juban
,4714,69,Pilar
,4715,69,Donsol
,4707,69,Irosin
,4708,69,Matnog
,4704,69,Bulusan
,4713,69,Castilla
,4700,69,Sorsogon
,4712,69,Barcelona
,4702,69,Casiguran
,4705,69,Magallanes
,4711,69,Prieto Diaz
,4709,69,Santa Magdalena
,9505,70,Tupi
,9511,70,Banga
,9508,70,Norala
,9513,70,T'Boli
,9512,70,Surallah
,9507,70,Tampakan
,9504,70,Polomolok
,9510,70,Tantangan
,9509,70,Santo Niño
,9506,70,Koronadal City
,9500,70,Gen Santos City (Dadiangas)
,6606,71,Sogod
,6604,71,Bontoc
,6612,71,Liloan
,6600,71,Maasin
,6607,71,Silago
,6615,71,Libagon
,6610,71,Anahawan
,6601,71,Macrohon
,6603,71,Malitbog
,6614,71,Pintuyan
,6608,71,Hinunangan
,6609,71,Hinundayan
,6617,71,San Ricardo
,6616,71,St. Bernard
,6605,71,Tomas Oppus
,6602,71,Padre Burgos
,6613,71,San Francisco
,6611,71,San Juan(Cabalian)
,9805,72,Isulan
,9803,72,Lutayan
,9801,72,Columbio
,9800,72,Takurong
,9809,72,Palimbang
,9810,72,Bagumbayan
,9808,72,Kalamansig
,9804,72,Pres. Quirino
,9802,72,Mariano Marcos
,9807,72,Lebak (Salaman)
,9811,72,Sen. Ninoy Aquino
,9806,72,Esperanza (Ampatuan)
,7400,73,Jolo
,7404,73,Luuk
,7405,73,Pata
,7411,73,Lugus
,7412,73,Siasi
,7410,73,Tapul
,7408,73,Parang
,7407,73,Indanan
,7402,73,Panamao
,7401,73,Patikul
,7403,73,Talipao
,7406,73,Tongkil
,7409,73,Maimbung
,7413,73,Marungas
,7414,73,Panguntaran
,7415,73,Panglima Estino
,7416,73,Kalingalan Kalauang
,8417,74,Dapa
,8420,74,Pilar
,8404,74,Sison
,8406,74,Tubod
,8408,74,Bacuag
,8424,74,Burgos
,8410,74,Claver
,8415,74,Loreto
,8407,74,Mainit
,8405,74,Placer
,8425,74,Alegria
,8412,74,Dinagat
,8416,74,Socorro
,8426,74,Tubajon
,8419,74,Gen.Luna
,8409,74,Gigaquit
,8402,74,Malimano
,8427,74,San Jose
,8411,74,Cagdianao
,8403,74,Tagana-an
,8418,74,Del Carmen
,8423,74,San Benito
,8421,74,San Isidro
,8422,74,Santa Monica
,8400,74,Surigao City
,8414,74,Libjo (Albor)
,8401,74,San Francisco
,8413,74,Basilisa (Rizal)
,8302,75,Tago
,8309,75,Barobo
,8311,75,Bislig
,8315,75,Carmen
,8313,75,Cortez
,8314,75,Lanuza
,8307,75,Lianga
,8312,75,Lingig
,8316,75,Madrid
,8300,75,Tandag
,8303,75,Bayabas
,8304,75,Cagwait
,8308,75,Tagbina
,8310,75,Hinatuan
,8317,75,Cantillan
,8318,75,Carrascal
,8306,75,Marihatag
,8301,75,San Miguel
,8305,75,San Agustin
,1201,75,Fort Bonifacio
,1638,75,Ligid
,1631,75,Bicutan
,1637,75,Tuktukan
,1632,75,Bicutan [Lower]
,1633,75,Bicutan [Upper]
,1634,75,Nichols - McKinley
,1636,75,Bay Breeze Executive Village
,1630,75,Bicutan[Western ] (including FTI)
,2310,76,Anao
,2312,76,Pura
,2315,76,Capas
,2311,76,Ramos
,2317,76,Bamban
,2302,76,Gerona
,2314,76,La Paz
,2300,76,Tarlac
,2308,76,Moncada
,2307,76,Paniqui
,2306,76,Camiling
,2304,76,Mayantoc
,2313,76,Victoria
,2316,76,Concepcion
,2309,76,San Manuel
,2301,76,San Miguel
,2305,76,San Clemente
,2303,76,Santa Ignacia
,7500,77,Bongao
,7505,77,Simunol
,7509,77,Languyan
,7503,77,Sapa-Sapa
,7506,77,Sitangkai
,7502,77,Tandu Bas
,7504,77,South Ubian
,7508,77,Cagayan de Sulu (Mapun)
,7507,77,Taganak (Turtle Island)
,7501,77,Panglima Sugala (Balimbing)
,1444,77,Polo
,1444,77,Mabolo
,1444,77,Pasola
,1444,77,Rincon
,1446,77,Lingunan
,1444,77,Malanday
,1441,77,Karuhatan
,1444,77,ArkongBato
,1442,77,Paso de Blas
,1448,77,Mapulang Lupa
,1442,77,Gen T. de Leon
,1442,77,Fortune Village
,1445,77,Balangkas - Caloong
,1443,77,Dalandan - West Canumay
,1447,77,East Canumay - Lawang Bato Punturin
,6720,77,Basey
,6722,77,Daram
,6703,77,Wright
,6724,77,Almagro
,6715,77,Calbiga
,6706,77,Gandara
,6701,77,Jiabong
,6721,77,Marabut
,6702,77,Motiong
,6719,77,Talarora
,6713,77,Hinbangan
,6707,77,San Jorge
,6718,77,Sta. Rita
,6711,77,Sto. Nino
,6712,77,Tagapulan
,6704,77,Tarangnan
,6717,77,Villareal
,6725,77,Zumarraga
,6700,77,Catbalogan
,6708,77,Matuguinao
,6705,77,Pagsangjan
,6716,77,Pinabacdao
,6710,77,Calbayog City
,6714,77,San Sebastian
,6709,77,Sta.Margarita
,6723,77,San Jose De Bauan
,2209,78,Subic
,2202,78,Botolan
,2210,78,Palauig
,2203,78,Cabangan
,2201,78,Iba City
,2211,78,Masinloc
,2212,78,Candelaria
,2204,78,San Felipe
,2213,78,Santa Cruz
,2208,78,Castillejos
,2206,78,San Antonio
,2205,78,San Narciso
,2200,78,Olongapo City
,2207,78,San Marcelino
,2210,78,Scarborough Shoal
,2222,78,Subic Bay Freeport Zone (Metro Subic)
,7115,79,Liloy
,7107,79,Mutia
,7105,79,Pinan
,7104,79,Rizal
,7102,79,Roxas
,7114,79,Salug
,7113,79,Siayan
,7122,79,Sibuco
,7120,79,Siocon
,7118,79,Gutalac
,7124,79,Kalawit
,7117,79,Labason
,7110,79,Manukan
,7106,79,Polanco
,7103,79,Sibutad
,7121,79,Siraway
,7123,79,Baliguian
,7109,79,Katipunan
,7116,79,Tampilisan
,7119,79,La Libertad
,7101,79,Dapitan City
,7100,79,Dipolog City
,7108,79,Sergio Osmeña
,7111,79,Jose Dalman (Ponot)
,7112,79,Sindangan (Leon B. Postigo)
,7011,80,Bayog
,7030,80,Dinas
,7020,80,Aurora
,7042,80,Guipos
,7023,80,Molave
,7033,80,Pitogo
,7034,80,Tabina
,7043,80,Tigbad
,7037,80,Lapuyan
,7026,80,Mahayag
,7019,80,Tukuran
,7028,80,Dumingag
,7027,80,Josefina
,7017,80,Labangan
,7014,80,Lakewood
,7021,80,Migsalip
,7025,80,Tambulig
,7015,80,Dumalinao
,7031,80,San Pablo
,7032,80,Dimataling
,7013,80,Kumalarang
,7029,80,San Miguel
,7016,80,Pagadian City
,7035,80,Margo sa Tubig
,7036,80,Vicencio Sagun
,7000,80,Zamboanga City
,7024,80,Ramon Magsaysay
,7022,80,Don Mariano Marcos
,7009,81,Buug
,7001,81,Ipil
,7004,81,Naga
,7006,81,Siay
,7008,81,Payao
,7003,81,Titay
,7040,81,Alicia
,7007,81,Imelda
,7010,81,Mabuhay
,7012,81,Talusan
,7039,81,Diplahan
,7038,81,Malangas
,7041,81,Olutanga
,7018,81,Tungawan
,7005,81,Kabalasan
,7002,81,Roseller Lim